first_name,last_name
James,Butt
Josephine,Darakjy
Art,Venere
Lenna,Paprocki
Donette,Foller
Simona,Morasca
Mitsue,Tollner
Leota,Dilliard
Sage,Wieser
Kris,Marrier
Minna,Amigon
Abel,Maclead
Kiley,Caldarera
Graciela,Ruta
Cammy,Albares
Mattie,Poquette
Meaghan,Garufi
Gladys,Rim
Yuki,Whobrey
Fletcher,Flosi
Bette,Nicka
Veronika,Inouye
Willard,Kolmetz
Maryann,Royster
John,Smith
James,Butt
Josephine,Darakjy
Art,Venere
Lenna,Paprocki
Donette,Venere
Simona,Paprocki
Mitsue,Foller
Leota,Morasca
Sage,Tollner
Kris,Dilliard
Minna,Wieser
Abel,Marrier
Kiley,Amigon
Graciela,Maclead
Cammy,Caldarera
Mattie,Ruta
Meaghan,Albares
Gladys,Poquette
Yuki,Garufi
Fletcher,Rim
Bette,Whobrey
Veronika,Flosi
Willard,Nicka
Maryann,Inouye
John,Kolmetz
James,Royster
Josephine,Smith
Art,Butt
Lenna,Darakjy
Donette,Venere
Simona,Paprocki
Mitsue,Garufi
Leota,Rim
Sage,Whobrey
Kris,Flosi
Minna,Nicka
Abel,Inouye
Kiley,Kolmetz
Graciela,Royster
Cammy,Smith
Mattie,Butt
Meaghan,Darakjy
Gladys,Venere
Yuki,Paprocki
Fletcher,Venere
Bette,Paprocki
Veronika,Foller
Willard,Morasca
Maryann,Tollner
John,Dilliard
James,Wieser
Josephine,Marrier
Art,Amigon
Lenna,Maclead
Donette,Caldarera
Simona,Ruta
Mitsue,Albares
Leota,Poquette
Sage,Garufi
Kris,Rim
Minna,Whobrey
Abel,Flosi
Kiley,Nicka
Graciela,Inouye
Cammy,Kolmetz
Mattie,Royster
Meaghan,Smith
Gladys,Butt
Yuki,Darakjy
Fletcher,Venere
Bette,Paprocki
Veronika,Butt
Willard,Darakjy
Maryann,Venere
John,Paprocki
Foller,Foller
Morasca,Morasca
Tollner,Tollner
Dilliard,Dilliard
Wieser,Wieser
Marrier,Marrier
Amigon,Amigon
Maclead,Maclead
Caldarera,Caldarera
Ruta,Ruta
Albares,Albares
Poquette,Poquette
Garufi,Garufi
Rim,Rim
Whobrey,Whobrey
Flosi,Flosi
Nicka,Nicka
Inouye,Inouye
Kolmetz,Kolmetz
Royster,Royster
Smith,Smith
